Workbook
Name Bezetting: 'Basis waarden en tabellen'!$D$17:$Z$24
Name BezonningGevelEzonWinter_description: Invoer!$E$47
Name BezonningGevelEzonWinter_unit: Invoer!$J$47
Name BezonningGevelEzonWinter_value: Invoer!$I$47
Name BezonningGevelEzonZomer_description: Invoer!$E$46
Name BezonningGevelEzonZomer_unit: Invoer!$J$46
Name BezonningGevelEzonZomer_value: Invoer!$I$46
Name C_massa: Coeefficienten!$D$112:$H$117
Name ClimateChangeEffectEzonWinter_description: Invoer!$E$40
Name ClimateChangeEffectEzonWinter_unit: Invoer!$J$40
Name ClimateChangeEffectEzonWinter_value: Invoer!$M$40
Name ClimateChangeEffectEzonZomer_description: Invoer!$E$39
Name ClimateChangeEffectEzonZomer_unit: Invoer!$J$39
Name ClimateChangeEffectEzonZomer_value: Invoer!$M$39
Name ClimateChangeEffectTgem_description: Invoer!$E$36
Name ClimateChangeEffectTgem_unit: Invoer!$J$36
Name ClimateChangeEffectTgem_value: Invoer!$M$36
Name ClimateChangeEffectTgemWinter_description: Invoer!$E$38
Name ClimateChangeEffectTgemWinter_unit: Invoer!$J$38
Name ClimateChangeEffectTgemWinter_value: Invoer!$M$38
Name ClimateChangeEffectTgemZomer_description: Invoer!$E$37
Name ClimateChangeEffectTgemZomer_unit: Invoer!$J$37
Name ClimateChangeEffectTgemZomer_value: Invoer!$M$37
Name CO2RegelingVentilatie_description: Invoer!$E$25
Name CO2RegelingVentilatie_value: Invoer!$F$25
Name Collectief: Coeefficienten!$D$19:$H$23
Name Collector: Tabellen!$B$64:$C$67
Name Constructie: Tabellen!$B$49:$C$53
Name ConstructieWijze_description: Invoer!$E$16
Name ConstructieWijze_value: Invoer!$F$16
Name COP: Coeefficienten!$E$19:$H$23
Name COP_: Coeefficienten!$D$19:$H$23
Name corner_correctie: Tabellen!$Q$28
Name corner_correction: Tabellen!$O$20:$R$24
Name Dak: Tabellen!$B$36:$C$38
Name Dak_description: Invoer!$E$14
Name Dak_U: Tabellen!$B$36:$D$38
Name Dak_Uw: Coeefficienten!$D$121:$G$123
Name Dak_value: Invoer!$F$14
Name DF_ratio: Coeefficienten!$F$69:$S$70
Name Douche: Tabellen!$B$70:$C$72
Name douche_red: Coeefficienten!$E$32:$F$34
Name douche_reductie: Coeefficienten!$D$32:$F$34
Name Douchewtw_description: Invoer!$E$24
Name Douchewtw_value: Invoer!$F$24
Name dT_h: Coeefficienten!$M$138:$W$139
Name Gebouwconcept: Tabellen!$E$41:$K$45
Name Gegevens: Tabellen!$B$76:$C$77
Name inkoop_tabel: Coeefficienten!$N$18:$R$23
Name input_BerekendDaglichtFactor_description: Invoer!$E$48
Name input_BerekendDaglichtFactor_value: Invoer!$I$49
Name input_DakaAnwezigheid_value: Invoer!$F$13
Name input_DakAnwezigheid_description: Invoer!$E$13
Name input_GrootteApartement_description: Invoer!$E$5
Name input_GrootteApartement_unit: Invoer!$J$5
Name input_GrootteApartement_value: Invoer!$I$5
Name input_OppervlakBuitenGevel_description: Invoer!$E$7
Name input_OppervlakBuitenGevel_unit: Invoer!$J$7
Name input_OppervlakBuitenGevel_value: Invoer!$I$7
Name input_Orientatie_description: Invoer!$E$6

Sheet Scenarios
D2: Scenario Selection | E2: SC4
D5: Ruimtelijke modellen
I6: Traditionele ' glas' en techniek architectuur met beton | J6: Natuurlijk + warmtepompen | K6: Natuurlijk innovatief; indirecte wtw & slimme SV | L6: Passive House + SV voor tapwater
D7: Plan brugers 1
D8: Plan Burgers 2
D9: Masterplan
D10: Torens
D11: Gallerijen
C14: 1 | D14: Handmatig in te voeren parameters: | I14: SC1 | J14: SC2 | K14: SC3 | L14: SC4
C15: 2 | D15: Dak (indien appartement dak heeft) | E15: eventueel | F15: 1 | I15: 2 | J15: 2 | K15: 3 | L15: 3
C16: 3 | D16: Constructie wijze | I16: 5 | J16: 1 | K16: 1 | L16: 3
C17: 4 | D17: Ventilatiesysteem | I17: 4 | J17: 1 | K17: 2 | L17: 3
C18: 5 | D18: Koude/warmte | I18: 2 | J18: 1 | K18: 4 | L18: 3
C19: 6 | D19: Zonnecollector | I19: 1 | J19: 3 | K19: 1 | L19: 3
C20: 7 | D20: Douche wtw | I20: 1 | J20: 2 | K20: 3 | L20: 2
C21: 8 | D21: CO2 regeling ventilatie | I21: 2 | J21: 2 | K21: 2 | L21: 2
D23: Parameters:
D24: Constructie wijze
D25: % Glas | I25: 0.4 | J25: =VLOOKUP(Scenarios!J17,Tabellen!$E$42:$K$45,7) -> 0.4 | K25: =VLOOKUP(Scenarios!K17,Tabellen!$E$42:$K$45,7) -> 0.4 | L25: =VLOOKUP(Scenarios!L17,Tabellen!$E$42:$K$45,7) -> 0.3
D26: U dichte gevel | I26: =VLOOKUP(Scenarios!I19,Tabellen!$E$42:$K$45,2) -> 0.3 | J26: =VLOOKUP(Scenarios!J19,Tabellen!$E$42:$K$45,2) -> 0.2 | K26: =VLOOKUP(Scenarios!K19,Tabellen!$E$42:$K$45,2) -> 0.3 | L26: =VLOOKUP(Scenarios!L19,Tabellen!$E$42:$K$45,2) -> 0.2
D27: Uglas | I27: =VLOOKUP(Scenarios!I20,Tabellen!$E$42:$K$45,3) -> 1.2 | J27: =VLOOKUP(Scenarios!J20,Tabellen!$E$42:$K$45,3) -> 1.2 | K27: =VLOOKUP(Scenarios!K20,Tabellen!$E$42:$K$45,3) -> 0.8 | L27: =VLOOKUP(Scenarios!L20,Tabellen!$E$42:$K$45,3) -> 1.2
D28: Dak | I28: =IF(I15=2,"zwart","groen") -> zwart | J28: =IF(J15=2,"zwart","groen") -> zwart | K28: =IF(K15=2,"zwart","groen") -> groen | L28: =IF(L15=2,"zwart","groen") -> groen
D29: Constructie | I29: hout | J29: hout | K29: hybride | L29: beton
D30: Ventilatiesysteem | I30: =VLOOKUP(I$17,Ventilatie,2) -> Balans met WTW | J30: =VLOOKUP(J$17,Ventilatie,2) -> Nat. toevoer + mech. Afzuiging | K30: =VLOOKUP(K$17,Ventilatie,2) -> Nat toevoer met indirecte ww | L30: =VLOOKUP(L$17,Ventilatie,2) -> Passive House
D31: Koude/warmte | I31: =VLOOKUP(I18,Warmte,2) -> Warmtepomp WKO | J31: =VLOOKUP(J18,Warmte,2) -> Warmtepomp lucht | K31: =VLOOKUP(K18,Warmte,2) -> Stadsverwarming Tapwater + warmtepomp | L31: =VLOOKUP(L18,Warmte,2) -> Stadsverwarming + Koelmachine
D32: Zonnecollector | I32: =VLOOKUP(I19,Collector,2) -> Geen | J32: =VLOOKUP(J19,Collector,2) -> Standaard | K32: =VLOOKUP(K19,Collector,2) -> Geen | L32: =VLOOKUP(L19,Collector,2) -> Standaard
D33: Douche wtw | I33: collectief | J33: collectief | K33: individueel | L33: nee
D34: CO2 regeling ventilatie | I34: =VLOOKUP(Scenarios!I20,Douche,2) -> geen | J34: =VLOOKUP(Scenarios!J20,Douche,2) -> individueel | K34: =VLOOKUP(Scenarios!K20,Douche,2) -> collectief | L34: =VLOOKUP(Scenarios!L20,Douche,2) -> individueel
E36: ja | F36: nee | I36: ja | J36: ja | K36: ja | L36: ja
D37: Locatie gegevens Tgem | E37: =(E38+E39)/2 -> -0.05 | F37: 0 | G37: ΔT
D38: Locatie gegevens Tgem.zomer | E38: -0.3 | F38: 0 | G38: ΔT
D39: Locatie gegevens Tgem.winter | E39: 0.2 | F39: 0 | G39: ΔT
D40: Locatie gegevens Ezon.zomer | E40: 75 | F40: 0 | G40: ΔP
D41: Locatie gegevensEzon.winter | E41: 30 | F41: 0 | G41: ΔP
E43: ja | F43: nee | I43: nee | J43: nee | K43: nee | L43: nee
D44: Climate Change effect Tgem | E44: =(E45+E46)/2 -> 1.55 | F44: 0 | G44: ΔT
D45: Climate Change effect Tgem.zomer | E45: 1.7 | F45: 0 | G45: ΔT
D46: Climate Change effect Tgem.winter | E46: 1.4 | F46: 0 | G46: ΔT
D47: Climate Change effect Ezon.zomer | E47: =450 -> 450 | F47: 0 | G47: ΔP
D48: Climate Change effect Ezon.winter | E48: =220 -> 220 | F48: 0 | G48: ΔP

Sheet Invoer
E2: Apartement | F2: Index
B4: #Type | E4: Type apartement | F4: 5 | G4: =VLOOKUP(input_TypeApartement_value,Type,2) -> hoekappartement toren | L4: Parametrisch of het 1,2 of 3is (eenzijdig, hoek, gallerij) handmatig of het 1/2 of 4/5 (natuurlijk geventileerde kern = X-ventilatie in toren is)
B5: #Grootte | E5: Grootte | I5: 88 | J5: m²
B6: #Orient | E6: Orientatie | F6: 5 | G6: {=INDEX(Orientatie,F4,F6)} -> Z-W
B7: #Agevel | E7: Oppervlak buiten gevel | I7: 55 | J7: m²
B8: #Aglas | C8: %Glas | E8: Oppervlak glas in buitengevel | I8: =K8*input_OppervlakBuitenGevel_value -> 16.5 | J8: m² | K8: 0.3 | L8: mogelijk moeten we vooraf zelf een % glas opgeven als het nog niet in het model zit
B9: #Ugevel | E9: Uwaarde buitengevel | I9: 0.2 | J9: W/K.m²
B10: #Uglas | E10: Uwaarde glas | I10: 0.8 | J10: W/K.m²
B11: #ZTA_W | E11: ZTA zonder zonwering | I11: 0.35
B12: #ZTA_Z | E12: ZTA met zonwering | I12: 0.12
E13: Dak (J/N) | F13: 1
B14: #Dak_t | E14: Dak | F14: =IF(input_DakaAnwezigheid_value=0,1,HLOOKUP(scenario_selection, Scenario_Table, 2,FALSE)) -> 3 | G14: =VLOOKUP(F14,Dak,2) -> Groen | L14: Als er een dak is, handatig aangeven zwart/groen - parametrisch of apartmenet een dak heeft dus 1 of 2/3 parametrisch 2 f 3 handmatig
E15: =IF(F14>1,"Uwaarde","") -> Uwaarde | I15: =VLOOKUP(Dak_value,Dak_Uw,4) -> 0.18 | J15: W/K.m²
B16: #Massa | E16: Constructie wijze | F16: 3 | G16: =VLOOKUP(F16,Constructie,2) -> Hybride hout-beton
B17: #Hoogte | E17: Vloerhoogte | F17: 29.6 | J17: m
E20: Installatie gegevens
E21: Ventilatiesysteem | F21: =HLOOKUP(scenario_selection, Scenario_Table, 4,FALSE) -> 3 | G21: =VLOOKUP(F21,Ventilatie,2) -> Passive House
E22: Koude/warmte | F22: =HLOOKUP(scenario_selection, Scenario_Table, 5,FALSE) -> 3 | G22: =VLOOKUP(F22,Warmte,2) -> Stadsverwarming + Koelmachine
E23: Zonnecollector | F23: =HLOOKUP(scenario_selection, Scenario_Table, 6,FALSE) -> 3 | G23: =VLOOKUP(F23,Collector,2) -> Standaard | H23: ZonnecollectorOppervlak | I23: =IF(Zonnecollector_value>1,1,0) -> 1 | J23: =IF(F23>1,"m²","") -> m²
E24: Douche wtw | F24: =HLOOKUP(scenario_selection, Scenario_Table, 7,FALSE) -> 2 | G24: =VLOOKUP(F24,Douche,2) -> individueel
E25: CO2 regeling ventilatie | F25: =HLOOKUP(scenario_selection, Scenario_Table, 8,FALSE) -> 2 | G25: =IF(F25=1,"nee","ja") -> ja
E28: Buitenklimaat gegevens
E29: Locatie gegevens | F29: 2 | G29: =VLOOKUP(F29,Gegevens,2) -> bekend | H29: indien bekend | K29: Standaard klimaatjaar
E30: =IF(F$29=2,"Locatie gegevens Tgem","") -> Locatie gegevens Tgem | H30: =IF(F$29=2,"Δ","") -> Δ | I30: =0.4 -> 0.4 | J30: =IF($F$29=2,"°C","") -> °C | K30: 11.8 | L30: °C | M30: =(F29-1)*I30+K30 -> 12.2
B31: dT_Loc_Z | E31: =IF(F$29=2,"Locatie gegevens Tgem.zomer","") -> Locatie gegevens Tgem.zomer | H31: =IF(F$29=2,"Δ","") -> Δ | I31: =-0.2 -> -0.2 | J31: =IF($F$29=2,"°C","") -> °C | K31: 15.3 | L31: °C | M31: =(F29-1)*I31+K31 -> 15.1
B32: dT_Loc_W | E32: =IF(F$29=2,"Locatie gegevens Tgem.winter","") -> Locatie gegevens Tgem.winter | H32: =IF(F$29=2,"Δ","") -> Δ | I32: =0.6 -> 0.6 | J32: =IF($F$29=2,"°C","") -> °C | K32: =K30-(K31-K30) -> 8.3 | L32: °C | M32: =(F29-1)*I32+K32 -> 8.9
B33: dS_Loc_Z | E33: =IF(F$29=2,"Locatie gegevens Ezon.zomer","") -> Locatie gegevens Ezon.zomer | H33: =IF(F$29=2,"Δ","") -> Δ | I33: =100*750/1000 -> 75 | J33: =IF($F$29=2,"kWh/m²","") -> kWh/m² | K33: 700 | L33: kWh/m² | M33: =(F29-1)*I33+K33 -> 775
B34: dS_Loc_W | E34: =IF(F$29=2,"Locatie gegevensEzon.winter","") -> Locatie gegevensEzon.winter | H34: =IF(F$29=2,"Δ","") -> Δ | I34: =I33/3 -> 25 | J34: =IF($F$29=2,"kWh/m²","") -> kWh/m² | K34: 200 | L34: kWh/m² | M34: =(F29-1)*I34+K34 -> 225
E35: Climate Change effect | F35: 1 | G35: =VLOOKUP(F35,Gegevens,2) -> onbekend
E36: =IF(F$35=2,"Climate Change effect Tgem","") | H36: =IF(F$35=2,"Δ","") | I36: =(I37+I38)/2 -> 0.95 | J36: =IF($F$35=2,"°C","") | K36: 11.8 | L36: °C | M36: =(F35-1)*I36+LocatieGegevensTgem_value -> 12.2
B37: dT_CC_Z | E37: =IF(F$35=2,"Climate Change effect Tgem.zomer","") | H37: =IF(F$35=2,"Δ","") | I37: 0.7 | J37: =IF($F$35=2,"°C","") | K37: 15.3 | L37: °C | M37: =(F35-1)*I37+LocatieGegevensTgemZomer_value -> 15.1
B38: dT_CC_W | E38: =IF(F$35=2,"Climate Change effect Tgem.winter","") | H38: =IF(F$35=2,"Δ","") | I38: 1.2 | J38: =IF($F$35=2,"°C","") | K38: =K36-(K37-K36) -> 8.3 | L38: °C | M38: =(F35-1)*I38+LocatieGegevensTgemWinter_value -> 8.9
B39: dS_CC_Z | E39: =IF(F$35=2,"Climate Change effect Ezon.zomer","") | H39: =IF(F$35=2,"Δ","") | I39: 100 | J39: =IF($F$35=2,"kWh/m²","") | K39: 700 | L39: kWh/m² | M39: =(1+((F35-1)*I39)/K39)*LocatieGegevensEzonZomer_value -> 775
B40: dS_CC_W | E40: =IF(F$35=2,"Climate Change effect Ezon.winter","") | H40: =IF(F$35=2,"Δ","") | I40: 50 | J40: =IF($F$35=2,"kWh/m²","") | K40: 200 | L40: kWh/m² | M40: =(1+((F35-1)*I40)/K40)*LocatieGegevensEzonWinter_value -> 225
E41: Urban Heat Island | F41: 1 | G41: =VLOOKUP(F41,Gegevens,2) -> onbekend
E42: =IF(F$41=2,"Urban Heat Island Tgem","") | H42: =IF(F$41=2,"Δ","") | I42: 0.5 | J42: =IF($F$41=2,"°C","") | K42: 11.8 | L42: °C | M42: =(F41-1)*I42+ClimateChangeEffectTgem_value -> 12.2 | O42: ground level | Q42: per appartrment corrected for real height
B43: dT_UHI_Z | E43: =IF(F$41=2,"Urban Heat Island Tgem.zomer","") | H43: =IF(F$41=2,"Δ","") | I43: 0.7 | J43: =IF($F$41=2,"°C","") | K43: 15.3 | L43: °C | M43: =(F41-1)*I43+ClimateChangeEffectTgemZomer_value -> 15.1 | O43: ground level | Q43: per appartrment corrected for real height
B44: dT_UHI_W | E44: =IF(F$41=2,"Urban Heat Island Tgem.winter","") | H44: =IF(F$41=2,"Δ","") | I44: 0.2 | J44: =IF($F$41=2,"°C","") | K44: =K42-(K43-K42) -> 8.3 | L44: °C | M44: =(F41-1)*I44+ClimateChangeEffectTgemWinter_value -> 8.9 | O44: ground level | Q44: per appartrment corrected for real height
E45: Bezonning gevel | F45: 1 | G45: =VLOOKUP(F45,Gegevens,2) -> onbekend
B46: S_ber_Z | E46: =IF(F$45=2,"Bezonning gevel Ezon.zomer","") | I46: 600 | J46: =IF($F$45=2,"kWh/m²","") | K46: 700 | L46: kWh/m² | M46: =IF(F45=1,ClimateChangeEffectEzonZomer_value,BezonningGevelEzonZomer_value/K46*ClimateChangeEffectEzonZomer_value) -> 775 | O46: façade of main orienattion
B47: S_ber_W | E47: =IF(F$45=2,"Bezonning gevel Ezon.winter","") | I47: 275 | J47: =IF($F$45=2,"kWh/m²","") | K47: 200 | L47: kWh/m² | M47: =IF(F45=1,ClimateChangeEffectEzonWinter_value,BezonningGevelEzonWinter_value/K47*ClimateChangeEffectEzonWinter_value) -> 225 | O47: façade of main orienattion
E48: Berekend daglicht factor | F48: 2 | G48: =VLOOKUP(F48,Gegevens,2) -> bekend
B49: DF_ber | G49: 0 | H49: =IF(F$48=2,"DF","") -> DF | I49: 0.07 | K49: =(K8/0.7) -> 0.42857143 | M49: =K49*input_BerekendDaglichtFactor_value -> 0.03 | O49: corrected Yara output with % of glass
O50: factor correctoion still needs test
D51: 1 | E51: Parametrisch
D52: 2 | E52: Uit kllimaat modellen | O52: multiplier % glass in façade x LTA = 0,7
D53: 3 | E53: Handmatig | O53: Calculated factor daylight without facades
D54: 4 | E54: Combi hand-parameter
G55: Normal (standard DF in apartment | K55: 0.0095 | O55: Assumed

Sheet Resultaten
X3: 1 | Y3: kWh | Z3: =3600/1000 -> 3.6 | AA3: MJ
X4: 1 | Y4: MJ | Z4: =1/Z3 -> 0.27777778 | AA4: kWh
F5: Bewoners | G5: =HLOOKUP(Invoer!$I$5,Bezetting,6) -> 2.2257785 | H5: #
F6: Bezetting | G6: =HLOOKUP(Invoer!$I$5,Bezetting,7) -> 1.9335882 | H6: # | N6: 1 | O6: GJ stadsverwaming | Q6: 1 | R6: kg CO2 | X6: 1 | Y6: kWh | Z6: 0.42 | AA6: kg CO2 | AB6: 2025
F7: Gebruiksuren | G7: =HLOOKUP(Invoer!$I$5,Bezetting,8) -> 18.290912 | H7: uur | X7: 1 | Y7: GJ | Z7: 37.44 | AA7: kg CO2 | AB7: 2023
F8: Totaal energie gebruik [e] | G8: =G9+G16 -> 3740.5491 | H8: kWh/j | K8: CO2 equivalente kWh | P8: kWh elektrisch | U8: GJ stadsverwarming
F9: Gebouw | G9: =J31+J36+J49+J67+J94 -> 2308.4045 | H9: kWh/j | K9: =G9/Invoer!$I$5 -> 26.231869 | L9: kWh/j/m² | M9: Gebouw_per_sqm | X9: 1 | Y9: GJ = | Z9: =1000*Z4 -> 277.77778 | AA9: kWh
F10: Warmtapwater | I10: =J31 -> 414.77358 | J10: kWh/j | K10: =I10/Invoer!$I$5 -> 4.7133361 | L10: kWh[e] | M10: Warmtapwater_per_sqm | O10: =input_GrootteApartement_value*Resultaten!Q10 -> 0 | P10: kWh/app | Q10: =VLOOKUP(KoudeWarmte_value,inkoop_tabel,2)*$K$10 -> 0 | R10: kWh/j.m² | S10: =input_GrootteApartement_value*Resultaten!U10 -> 4.6529087 | T10: GJ/app.j | U10: =VLOOKUP(KoudeWarmte_value,inkoop_tabel,4)*$K$10 -> 0.052873963 | V10: MJ/j.m² | X10: 1 | Y10: GJ sv ~ | Z10: =Z7/Z6 -> 89.142857 | AA10: kWh based on CO2
F11: Verlichting | I11: =J36 -> 256.04413 | J11: kWh/j | K11: =I11/Invoer!$I$5 -> 2.9095924 | M11: Verlichting_per_sqm
F12: Ventilatie | I12: =J49 -> 594.19834 | J12: kWh/j | K12: =I12/Invoer!$I$5 -> 6.7522539 | M12: Ventilatie_per_sqm
F13: Koeling | I13: =J67 -> 91.98594 | J13: kWh/j | K13: =I13/Invoer!$I$5 -> 1.0452948 | M13: Koeling_per_sqm
F14: Verwarming | I14: =J94 -> 951.40246 | J14: kWh/j | K14: =I14/Invoer!$I$5 -> 10.811392 | L14: kWh[e] | M14: Verwarming_per_sqm | O14: =input_GrootteApartement_value*Resultaten!Q14 -> 0 | P14: kWh/app | Q14: =VLOOKUP(KoudeWarmte_value,inkoop_tabel,3)*$K$14 -> 0 | R14: kWh/j.m² | S14: =input_GrootteApartement_value*Resultaten!U14 -> 10.672784 | T14: GJ/app.j | U14: =VLOOKUP(KoudeWarmte_value,inkoop_tabel,5)*$K$14 -> 0.12128164 | V14: MJ/j.m² | X14: 1 | Y14: GJ | Z14: =1000/32 -> 31.25 | AA14: m3 aardgas
X15: 1 | Y15: m3 HR | Z15: =64/(1000/32) -> 2.048 | AA15: kg CO2
F16: Gebruiker | G16: =J21+J23 -> 1432.1447 | H16: kWh/j | K16: =G16/Invoer!$I$5 -> 16.274371 | L16: kWh/j/m² | M16: Gebruiker_per_sqm
F17: Wasmachine, droger,vaatwasser | I17: =J21 -> 721.42977 | J17: kWh/j | K17: =I17/Invoer!$I$5 -> 8.1980655 | M17: Wasmachine, droger,vaatwasser_per_sqm
F18: Media apparatuur, overige | I18: =J23 -> 710.71488 | J18: kWh/j | K18: =I18/Invoer!$I$5 -> 8.0763055 | M18: Media apparatuur, overige__per_sqm
F21: Wasmachine, vaatwasser, droger | J21: =Coeefficienten!F6+Coeefficienten!F8*(Resultaten!G5-1)^0.5 -> 721.42977 | K21: kWh/j | S21: =IF((S10+S14)>0,(S14+S10)*Z14,0) -> 478.9279 | T21: m3 aardgas equivalent (SV equivalenten)
S22: =S21*Z15 -> 980.84434 | T22: kg CO2 [HR ketel]
F23: Media apparatuur, overige | J23: =Coeefficienten!F9+Coeefficienten!F11*(Resultaten!G5-1)^0.5 -> 710.71488 | K23: kWh/j | S23: =S22/Z6 -> 2335.3437 | T23: kWh[eq] e inkoop tov van | W23: =(output_TotaalEnergieVerwarming_value+output_TotaalEnergieWarmtapwater_value) -> 1366.176 | X23: kWh
F25: Warmtapwater
F26: Warmtapwater [basis] | G26: =Coeefficienten!F13+Coeefficienten!F14*(Resultaten!G5)^0.95 -> 1910.7945 | H26: kWh/j | I26: warmte
F27: reductie douche wtw | G27: =VLOOKUP(Invoer!F24,douche_reductie,3)*G26 -> 573.23835 | H27: kWh/j | I27: warmte
F28: reductie zonthermisch | G28: =VLOOKUP(Invoer!F23,Zon_reductie,3)*Invoer!I23 -> 350 | H28: kWh/j | I28: warmte
F30: Warmtapwater warmte | G30: =G26-G27-G28 -> 987.55614 | H30: kWh/j | I30: w | N30: =G30*3.6/35 -> 101.5772 | O30: m3 aardgas eq.
F31: Warmtapwater elektra | I31: e | J31: =G30/VLOOKUP(Invoer!F22,COP_,3) -> 414.77358 | K31: kWh/j
F33: Verlichting
F34: Verlichting[basis] | G34: =Invoer!I5*(Coeefficienten!F64+Coeefficienten!F65*(50/Invoer!I5)^0.25)+Coeefficienten!F66*(Resultaten!G5-1) -> 402.41191 | H34: kWh/j
F35: F[DF] | G35: =+(1-Coeefficienten!H82) -> 0.63627374
F36: Verlichting elektra | J36: =G35*G34 -> 256.04413 | K36: kWh/j
F39: Ventilatie
F40: debiet | G40: =HLOOKUP(Invoer!$I$5,ventilatie_tabel,11) -> 30.703487 | H40: l/s.gem | I40: met CO2
G41: =HLOOKUP(Invoer!$I$5,ventilatie_tabel,4) -> 76.5 | H41: l/s.max | I41: zonder CO2
F42: Vormfactor | G42: =Uren_factor -> 1.4822531
F43: Debiet_calc | G43: =IF(Invoer!F25=1,Resultaten!G41,MIN(G41,Resultaten!G42*G40)) -> 45.510339 | H43: l/s
F44: dPmin | G44: =VLOOKUP(Invoer!F21,Vent_coef,3) -> 150 | H44: Pa
F45: dPmax | G45: =VLOOKUP(Invoer!F21,Vent_coef,4) -> 750 | H45: Pa
F46: dPgem | G46: =G44+(G43/G41)*G45 -> 596.17979 | H46: Pa
F47: Gebruikstijd | G47: =24*365 -> 8760 | H47: uur
F48: Gem.vermogen | G48: =G43/1000*G46/0.4 -> 67.830861 | H48: Wgem.
F49: Ventilatie | J49: =G48*G47/1000 -> 594.19834 | K49: kWh/j
F51: Koeling
F52: Koeling [basis] | G52: =VLOOKUP(Invoer!F4,Koel_tabel,3) -> 9.7 | H52: kWh/m².j
F53: Impact Orientatie | G53: =VLOOKUP(Invoer!$F$4,Koel_orientatie,Invoer!$F$6+2)*G52-G52 -> 0 | H53: kWh/m².j | I53: basis is Zuid
F54: Impact zonwering en glaspercentage | G54: =HLOOKUP(IF(Invoer!I8*Invoer!I12/Invoer!I5<0.01, 0.01, Invoer!I8*Invoer!I12/Invoer!I5), Coeefficienten!O93:AC98, Invoer!F4+1)*SUM(G52:G53)-SUM(G52:G53) -> -6.1563827 | H54: kWh/m².j
F55: Correctie (bekende) zoninstraling | I55: =Invoer!M46 -> 775 | J55: kWh/m².j gevel
F56: Aanpassing werkelijk bezonning | G56: =(I55/700-1)*(G52+G53+G54)*Coeefficienten!F132 -> 0.15186931 | H56: kWh/m².j
F57: Impact massa | G57: =VLOOKUP(Invoer!F16,Massa_K,4)*SUM(G52:G56)-SUM(G52:G56) -> 0 | H57: kWh/m².j | I57: basis is beton/staal
F58: Dak correctie | G58: =VLOOKUP(Invoer!F14,Coeefficienten!D121:F123,3)*SUM(G52:G57) -> -0.36954866 | H58: kWh/m².j
F59: Ventilatie correctie | G59: =-VLOOKUP(Invoer!F21,Coeefficienten!D126:F129,3)*SUM(G52:G58) -> 0.33259379 | H59: kWh/m².j
F60: ΔT.gegevens | I60: =(Invoer!M43-LocatieGegevensTgemZomer_value) -> 0 | J60: °C
F61: Facto ΔT | I61: =Coeefficienten!F133*(Coeefficienten!J137*Resultaten!I60) -> 0
F62: Factor h_UH | I62: =1-10^(-input_Vloerhoogte_value*0.03)*(Invoer!F41-1)*UrbanHeaIslandTgemWinter_value -> 1
F63: dT adjustment | G63: =I61*I62*SUM(G52:G59) -> 0 | H63: kWh/m².j
F65: Koelingvraag [thermisch] | G65: =MAX(0,SUM(G52:G63)) -> 3.6585317 | H65: kWh/m².j
G66: =G65*Invoer!I5 -> 321.95079 | H66: kWh/j | I66: k
F67: Koeling | I67: e | J67: =G66/VLOOKUP(Invoer!F22,COP_,5) -> 91.98594 | K67: kWh/j
O68: Koeling | P68: 1600 | Q68: uur
F69: =IF(Ventilatiesysteem_value=3,"Passiv House",IF(Ventilatiesysteem_value=2,"Dwarsventilatie","")) -> Passiv House | G69: =IF(Ventilatiesysteem_value=3,G65,IF(Ventilatiesysteem_value=2,Resultaten!G65,0)) -> 3.6585317 | H69: kWh/m².j warmte overschot | P69: =G69/P68*1000 -> 2.2865823 | Q69: W[average]/m2
F70: ΔT koelseizoen | G70: =G71/S70 -> 3.5370346 | H70: °C | I70: t.o.v. Balans temperatuur | P70: =P69*input_GrootteApartement_value -> 201.21924 | Q70: W[average] | S70: =IF(Ventilatiesysteem_value=2,0.5,IF(Ventilatiesysteem_value=3,0.7,1)) -> 0.7
F71: Gemidde warmer in huis | G71: =P72 -> 2.4759242 | H71: °C | P71: =SUM('Basis waarden en tabellen'!I76:I79) -> 56.88925 | Q71: W/K
F72: Gemiddelde temperatuur wizomerseizoen | G72: =23+G71 -> 25.475924 | H72: °C | P72: =P70/P71*S70 -> 2.4759242 | Q72: °C above | R72: 23 | S72: °C
F73: Maximmale Temperatuur winterseizoen ± | G73: =G72+1.45*G71 -> 29.066014 | H73: °C
F75: Koeling | I75: e | J75: =IF(Ventilatiesysteem_value=2,0,IF(Ventilatiesysteem_value=3,0,Resultaten!J67)) -> 0 | K75: kWh/j
F79: Verwarming
F80: Warmte [basis] | G80: ='Basis waarden en tabellen'!D68 -> 135.493 | H80: kWh/m².j
F81: WTW_factor | G81: =VLOOKUP(Invoer!F21,Vent_coef,6) -> 0.9
F82: Debiet_factor | G82: =G43/'Basis waarden en tabellen'!L81 -> 0.59490639
F83: Aanpassing ventilatie | G83: =-('Basis waarden en tabellen'!I81-(1-G81)*(1-G82)*'Basis waarden en tabellen'!I79) -> -77.688036 | H83: kWh/m².j | I83: t.o.v. | J83: ='Basis waarden en tabellen'!D71 -> 78.60375 | K83: kWh/m².j
F84: CF infiltratie | G84: =VLOOKUP(Ventilatiesysteem_value,Red_inf,3) -> 0.6
F85: Aanpassing infiltratie | G85: =-G84*'Basis waarden en tabellen'!D70 -> -13.563 | H85: kWh/m².j | I85: t.o.v. | J85: ='Basis waarden en tabellen'!D70 -> 22.605 | K85: kWh/m².j
F86: Aanpassing warmtewinst | G86: ='Basis waarden en tabellen'!D72 -> -8.2152805 | H86: kWh/m².j
F87: Factor Transmissie | G87: =VLOOKUP(Ventilatiesysteem_value,Red_Tr,3) -> 0.3
F88: dT[bekend] | G88: =Red_dT -> 0
F89: Correctie_massa | G89: =-(VLOOKUP(ConstructieWijze_value,Massa_W,4)-1) -> 0
F90: Aanpassing Transmissie | G90: =-(G87+G88+G89)*J90 -> -10.285275 | H90: kWh/m².j | I90: t.o.v. | J90: ='Basis waarden en tabellen'!D69 -> 34.28425 | K90: kWh/m².j
F92: Warmtevraag [thermisch] | G92: =G80+G83+G85+G86+G90 -> 25.741409 | H92: kWh/m².j
G93: =G92*Invoer!I5 -> 2265.244 | H93: kWh/j | I93: w | N93: =G93*3.6/35 -> 232.99652 | O93: m3 aardgas eq.
F94: Verwarming | I94: e | J94: =G93/VLOOKUP(Invoer!F22,COP_,4) -> 951.40246 | K94: kWh/j | N94: .
F96: =IF(Ventilatiesysteem_value=3,"Passiv House","") -> Passiv House | G96: =IF(Ventilatiesysteem_value=3,G92,0) -> 25.741409 | H96: kWh/m².j warmtetekort
F97: ΔT stookseizoen | G97: ='Basis waarden en tabellen'!G76 -> 13.7 | H97: °C
F98: Gemiddeld kouder in huis | G98: =G96/G80*G97 -> 2.6027713 | H98: °C
F99: Gemiddelde temperatuur winterseizoen | G99: =(G97+Invoer!K32-Resultaten!G98) -> 19.397229 | H99: °C
F100: Minimale Temperatuur winterseizoen ± | G100: =G99-1.25*G98 -> 16.143764 | H100: °C
F102: Verwarming | I102: e | J102: =IF(Ventilatiesysteem_value=3,0,Resultaten!J94) -> 0 | K102: kWh/j

Sheet Tabellen
B2: Index | G2: Orientatie
C3: Apartement type | F3: index | N3: hand | P3: parameter
B4: 1 | C4: eenzijdig toren | D4: Avl[m²] | I4: Appartment not on a corner in a tower with closed core | N4: open/closed | P4: tower/gallery - fi tower corner/no corner
B5: 2 | C5: tweezijdig toren (kern) | D5: Avl[m²] | I5: Appartment not on a corner in a tower with open core | N5: open/closed
B6: 3 | C6: gallerij flat | D6: Avl[m²]
B7: 4 | C7: hoek en tweezijdig toren | D7: Avl[m²] | I7: Appartment on a corner in a tower with open core | N7: open/closed
B8: 5 | C8: hoekappartement toren | D8: Avl[m²] | I8: Appartment on a corner in a tower with closed core | N8: open/closed
C11: Orientatie | D11: 1 | E11: 2 | F11: 3 | G11: 4 | H11: 5 | I11: 5 | J11: 6 | K11: 7 | L11: index orientatie
B12: 1 | C12: eenzijdig toren | D12: N | E12: NO | F12: O | G12: ZO | H12: Z | I12: ZW | J12: W | K12: NW | L12: opmerking: eenzijdig apartement orientatie is buitengevel
B13: 2 | C13: tweezijdig toren (kern) | D13: N | E13: NO | F13: O | G13: ZO | H13: Z | I13: ZW | J13: W | K13: NW | L13: opmerking: eenzijdig apartement orientatie is buitengevel
B14: 3 | C14: gallerij flat | D14: N | E14: NO | F14: O | G14: ZO | H14: Z | I14: ZW | J14: W | K14: NW | L14: opmerking: tweezijdig tegenoverliggend/gallerij apartement orientatie is voorgevel, = niet gallerij zijde
B15: 4 | C15: hoekappartement toren | D15: N-O | E15: NO-ZO | F15: O-Z | G15: ZO-ZW | H15: Z-W | I15: ZW-NW | J15: W-N | K15: NW-NO | L15: opmerking: tweezijdig haaks/torenj apartement orientatie is orientatie van de hoek tussen de 2-voorgevel
B16: 5 | C16: hoek en tweezijdig toren | D16: N-O | E16: NO-ZO | F16: O-Z | G16: ZO-ZW | H16: Z-W | I16: ZW-NW | J16: W-N | K16: NW-NO | L16: opmerking: tweezijdig haaks/torenj apartement orientatie is orientatie van de hoek tussen de 2-voorgevel
C19: Gevel oppervlak | D19: N | E19: NO | F19: O | G19: ZO | H19: Z | I19: ZW | J19: W | K19: NW | P19: Gevel oppervlak | R19: %glas correctie
B20: 1 | C20: eenzijdig toren | D20: Age[m²] | E20: Age[m²] | F20: Age[m²] | G20: Age[m²] | H20: Age[m²] | I20: Age[m²] | J20: Age[m²] | K20: Age[m²] | M20: U[W/m².K] | O20: 1 | P20: eenzijdig toren | R20: 1
B21: 2 | C21: tweezijdig toren (kern) | D21: Age[m²] | E21: Age[m²] | F21: Age[m²] | G21: Age[m²] | H21: Age[m²] | I21: Age[m²] | J21: Age[m²] | K21: Age[m²] | M21: U[W/m².K] | O21: 2 | P21: tweezijdig toren (kern) | R21: 1
B22: 3 | C22: gallerij flat | D22: Age[m²] | E22: Age[m²] | F22: Age[m²] | G22: Age[m²] | H22: Age[m²] | I22: Age[m²] | J22: Age[m²] | K22: Age[m²] | M22: U[W/m².K] | O22: 3 | P22: gallerij flat | R22: 0.8
B23: 4 | C23: hoekappartement toren | D23: Age[m²] | E23: Age[m²] | F23: Age[m²] | G23: Age[m²] | H23: Age[m²] | I23: Age[m²] | J23: Age[m²] | K23: Age[m²] | M23: U[W/m².K] | O23: 4 | P23: hoekappartement toren | R23: =(10/36)/0.4*0.9 -> 0.625
B24: 5 | C24: hoek en tweezijdig toren | D24: Age[m²] | E24: Age[m²] | F24: Age[m²] | G24: Age[m²] | H24: Age[m²] | I24: Age[m²] | J24: Age[m²] | K24: Age[m²] | M24: U[W/m².K] | O24: 5 | P24: hoek en tweezijdig toren | R24: =R23 -> 0.625
D25: N-O | E25: NO-ZO | F25: O-Z | G25: ZO-ZW | H25: Z-W | I25: ZW-NW | J25: W-N | K25: NW-NO
C28: Orientatie & gevel oppervlak | D28: N | E28: NO | F28: O | G28: ZO | H28: Z | I28: ZW | J28: W | K28: NW
B29: 1 | C29: eenzijdig toren | D29: Agl[m²] | E29: Agl[m²] | F29: Agl[m²] | G29: Agl[m²] | H29: Agl[m²] | I29: Agl[m²] | J29: Agl[m²] | K29: Agl[m²] | M29: U[W/m².K] | N29: ZTA[-zonw] | O29: ZTA[+zonw]
B30: 2 | C30: tweezijdig toren (kern) | D30: Agl[m²] | E30: Agl[m²] | F30: Agl[m²] | G30: Agl[m²] | H30: Agl[m²] | I30: Agl[m²] | J30: Agl[m²] | K30: Agl[m²] | M30: U[W/m².K] | N30: ZTA[-zonw] | O30: ZTA[+zonw]
B31: 3 | C31: gallerij flat | D31: Agl[m²] | E31: Agl[m²] | F31: Agl[m²] | G31: Agl[m²] | H31: Agl[m²] | I31: Agl[m²] | J31: Agl[m²] | K31: Agl[m²] | M31: U[W/m².K] | N31: ZTA[-zonw] | O31: ZTA[+zonw]
B32: 5 | C32: hoekappartement toren | D32: Agl[m²] | E32: Agl[m²] | F32: Agl[m²] | G32: Agl[m²] | H32: Agl[m²] | I32: Agl[m²] | J32: Agl[m²] | K32: Agl[m²] | M32: U[W/m².K] | N32: ZTA[-zonw] | O32: ZTA[+zonw]
B33: 6 | C33: hoek en tweezijdig toren | D33: Agl[m²] | E33: Agl[m²] | F33: Agl[m²] | G33: Agl[m²] | H33: Agl[m²] | I33: Agl[m²] | J33: Agl[m²] | K33: Agl[m²] | M33: U[W/m².K] | N33: ZTA[-zonw] | O33: ZTA[+zonw]
D34: N-O | E34: NO-ZO | F34: O-Z | G34: ZO-ZW | H34: Z-W | I34: ZW-NW | J34: W-N | K34: NW-NO
C35: Dak
B36: 1 | C36: Geen dak
B37: 2 | C37: Zwart | D37: U[W/m².K]
B38: 3 | C38: Groen | D38: U[W/m².K]
F40: Isolatie concepten
C41: Ventilatie systeem | F41: Uwand | G41: Uraam | H41: Udak | I41: ZTAstd | J41: ZTAzonw | K41: Aglas
B42: 1 | C42: Nat. toevoer + mech. Afzuiging | E42: 1 | F42: 0.3 | G42: 1.2 | H42: 0.25 | I42: 0.35 | J42: 0.1 | K42: 0.4
B43: 2 | C43: Nat toevoer met indirecte ww | E43: 2 | F43: 0.05 | G43: 1.2 | H43: 0.25 | I43: 0.35 | J43: 0.1 | K43: 0.4
B44: 3 | C44: Passive House | E44: 3 | F44: 0.2 | G44: 0.8 | H44: 0.2 | I44: 0.3 | J44: 0.05 | K44: 0.3
B45: 4 | C45: Balans met WTW | E45: 4 | F45: 0.35 | G45: 1 | H45: 0.25 | I45: 0.35 | J45: 0.12 | K45: 0.7
C48: Constructie wijze
B49: 1 | C49: Volledig hout
B50: 2 | C50: Hyrbide hout-staal
B51: 3 | C51: Hybride hout-beton
B52: 4 | C52: Beton + staal
B53: 5 | C53: Beton
C55: verwarming/tapwater
B56: 1 | C56: Warmtepomp lucht
B57: 2 | C57: Warmtepomp WKO
B58: 3 | C58: Stadsverwarming + Koelmachine
B59: 4 | C59: Stadsverwarming Tapwater + warmtepomp
B60: 5 | C60: SV + warmtepomp - Tafhankelijk
C63: Thermische zonnepanelen
B64: 1 | C64: Geen
B65: 2 | C65: PVT | D65: m²/app.
B66: 3 | C66: Standaard | D66: m²/app.
B67: 4 | C67: Vacuum | D67: m²/app.
C69: Douche WTW
B70: 1 | C70: geen
B71: 2 | C71: individueel
B72: 3 | C72: collectief
C74: Extern klimaat, lokaal & climate change
C75: Gegevens
B76: 1 | C76: onbekend
B77: 2 | C77: bekend

Sheet Coeefficienten
E3: Energie basis parameters
E5: Gebruikers energie
E6: Wasmachine, vaatwasser, droger | F6: 500 | G6: kWh/jaar | I6: basis per huishouden
F7: 0 | G7: kWh/jaar | I7: extra persoon ^,95
F8: 200 | G8: kWh/jaar | I8: extra persoon ^,5
E9: Media apparatuur, overige | F9: 600 | G9: kWh/jaar | I9: basis per huishouden
F10: 0 | G10: kWh/jaar | I10: extra persoon ^,95
F11: 100 | G11: kWh/jaar | I11: extra persoon ^,5
E13: Warmtapwater [warmtevraag] | F13: 200 | G13: kWh/jaar | I13: basis per huishouden
F14: 800 | G14: kWh/jaar | I14: per persoon ^,95
F15: 0 | G15: kWh/jaar | I15: per persoon ^,5
O16: Tabel kWh[e] en GJ[sv]
J17: equivalente COP stadsverwarming | O17: e | Q17: sv
F18: COP[tw] | G18: COP[w] | H18: COP[k] | K18: % SV | O18: TW | P18: W | Q18: TW | R18: W
B19: COP tw,w,k | C19: #Type | D19: 1 | E19: Warmtepomp lucht | F19: 2.75 | G19: 3.5 | H19: 3.5 | N19: 1 | O19: 1 | P19: 1 | Q19: 0 | R19: 0
D20: 2 | E20: Warmtepomp WKO | F20: 4 | G20: 6 | H20: 10 | N20: =N19+1 -> 2 | O20: 1 | P20: 1 | Q20: 0 | R20: 0
D21: 3 | E21: Stadsverwarming + Koelmachine | F21: =J21 -> 2.3809524 | G21: =J21 -> 2.3809524 | H21: =H19 -> 3.5 | J21: =(Resultaten!Z10/Resultaten!Z7) -> 2.3809524 | N21: =N20+1 -> 3 | O21: 0 | P21: 0 | Q21: =1/Resultaten!Z10 -> 0.011217949 | R21: =Q21 -> 0.011217949
D22: 4 | E22: Stadsverwarming Tapwater + warmtepomp | F22: =J22 -> 2.3809524 | G22: =G19 -> 3.5 | H22: =H19 -> 3.5 | J22: =J21 -> 2.3809524 | N22: =N21+1 -> 4 | O22: 0 | P22: 0 | Q22: =Q21 -> 0.011217949 | R22: =R21 -> 0.011217949
D23: 5 | E23: SV + warmtepomp - Tafhankelijk | F23: =J23 -> 2.3809524 | G23: =6.5*(1-K23)+K23*J23 -> 5.4702381 | H23: =H22 -> 3.5 | J23: =J22 -> 2.3809524 | K23: 0.25 | N23: =N22+1 -> 5 | O23: 1 | P23: =1-K23 -> 0.75 | Q23: =Q22 -> 0.011217949 | R23: =Q23*K23 -> 0.0028044872
E25: Zonthermische panelen
D26: 1 | E26: geen | F26: 0 | G26: kWh/m² reductie
D27: 2 | E27: PVT | F27: 300 | G27: kWh/m² reductie
D28: 3 | E28: Standaard | F28: 350 | G28: kWh/m² reductie
D29: 4 | E29: Vacuum | F29: 550 | G29: kWh/m² reductie
E31: Douche wtw
D32: 1 | E32: geen | F32: 0 | G32: reductie
D33: 2 | E33: individueel | F33: 0.3 | G33: reductie
D34: 3 | E34: collectief | F34: 0.4 | G34: reductie
E36: Ventilator energie
E37: Systeem | F37: min | G37: max | I37: η[wtw]
D38: 1 | E38: Nat. toevoer + mech. Afzuiging | F38: 20 | G38: 100 | H38: Pa | I38: 0
D39: 2 | E39: Nat toevoer met indirecte ww | F39: =F38 -> 20 | G39: =G38 -> 100 | H39: Pa | I39: 0.4
D40: 3 | E40: Passive House | F40: 150 | G40: 750 | H40: Pa | I40: 0.9
D41: 4 | E41: Balans met WTW | F41: 100 | G41: 600 | H41: Pa | I41: 0.8
E43: Coeffcient max draai uren - type | F43: {=INDEX(F45:M49,input_TypeApartement_value,input_Orientatie_value)} -> 1.4822531
F44: N | G44: NO | H44: O | I44: ZO | J44: Z | K44: ZW | L44: W | M44: NW | O44: zon | P44: spui
D45: 1 | E45: eenzijdig toren | F45: 1 | G45: 1.05 | H45: 1.2 | I45: 1.25 | J45: 1.5 | K45: 1.75 | L45: 1.5 | M45: 1.2 | O45: =AVERAGE(F45:M45) -> 1.30625 | P45: 1.4
D46: 2 | E46: tweezijdig toren (kern) | F46: 1 | G46: =((G45-1)/1.2)^4+1 -> 1.000003 | H46: =((H45-1)/1.2)^4+1 -> 1.0007716 | I46: =((I45-1)/1.2)^4+1 -> 1.0018838 | J46: =((J45-1)/1.2)^4+1 -> 1.0301408 | K46: =((K45-1)/1.2)^4+1 -> 1.1525879 | L46: =((L45-1)/1.2)^4+1 -> 1.0301408 | M46: =((M45-1)/1.2)^4+1 -> 1.0007716 | O46: =AVERAGE(F46:M46) -> 1.0270374 | P46: 0.9
D47: 3 | E47: gallerij flat | F47: 0.7 | G47: =F47+0.025 -> 0.725 | H47: =G47+0.025 -> 0.75 | I47: =H47+0.025 -> 0.775 | J47: =I47+0.025 -> 0.8 | K47: =J47+0.025 -> 0.825 | L47: =K47+0.025 -> 0.85 | M47: =(L47+F47)/2 -> 0.775 | O47: =AVERAGE(F47:M47) -> 0.775 | P47: 0.9
D48: 4 | E48: hoekappartement toren | F48: 1.1 | G48: 1.2 | H48: 1.5 | I48: 1.75 | J48: 2 | K48: 1.5 | L48: 1.25 | M48: 1.1 | O48: =AVERAGE(F48:M48) -> 1.425 | P48: 1.2
D49: 5 | E49: hoek en tweezijdig toren | F49: =((F48-1)/1.2)^4+1 -> 1.0000482 | G49: =((G48-1)/1.2)^4+1 -> 1.0007716 | H49: =((H48-1)/1.2)^4+1 -> 1.0301408 | I49: =((I48-1)/1.2)^4+1 -> 1.1525879 | J49: =((J48-1)/1.2)^4+1 -> 1.4822531 | K49: =((K48-1)/1.2)^4+1 -> 1.0301408 | L49: =((L48-1)/1.2)^4+1 -> 1.0018838 | M49: =((M48-1)/1.2)^4+1 -> 1.0000482 | O49: =AVERAGE(F49:M49) -> 1.0872343 | P49: 0.9
F50: N-O | G50: NO-ZO | H50: O-Z | I50: ZO-ZW | J50: Z-W | K50: ZW-NW | L50: W-N | M50: NW-NO
E52: Factor glas m2/vler m2 x ZTA | F52: =0.5*0.6*0.35 -> 0.105 | G52: standaard
F53: 2 | G53: factor tot de macht | I53: 0.5
F54: 0.02 | G54: =F54+$F$54 -> 0.04 | H54: =G54+$F$54 -> 0.06 | I54: =H54+$F$54 -> 0.08 | J54: =I54+$F$54 -> 0.1 | K54: =J54+$F$54 -> 0.12 | L54: =K54+$F$54 -> 0.14 | M54: =L54+$F$54 -> 0.16 | N54: =M54+$F$54 -> 0.18 | ... P54: =O54+$F$54 -> 0.22
F55: =F54/0.5/0.3 -> 0.13333333 | G55: =G54/0.5/0.3 -> 0.26666667 | H55: =H54/0.5/0.3 -> 0.4 | I55: =I54/0.5/0.3 -> 0.53333333 | J55: =J54/0.5/0.3 -> 0.66666667 | K55: =K54/0.5/0.3 -> 0.8 | L55: =L54/0.5/0.3 -> 0.93333333 | M55: =M54/0.5/0.3 -> 1.0666667 | ... P55: =P54/0.5/0.3 -> 1.4666667 | Q55: % glas in gevel - G/V = 0,5; ZTA = 0,3
F56: =F54/0.5/0.1 -> 0.4 | G56: =G54/0.5/0.1 -> 0.8 | H56: =H54/0.5/0.1 -> 1.2 | I56: =I54/0.5/0.1 -> 1.6 | J56: =J54/0.5/0.1 -> 2 | K56: =K54/0.5/0.1 -> 2.4 | L56: =L54/0.5/0.1 -> 2.8 | M56: =M54/0.5/0.1 -> 3.2 | ... P56: =P54/0.5/0.1 -> 4.4 | Q56: % glas in gevel - G/V = 0,5; ZTA = 0,1
E57: Correctiefactor max uren door zon | F57: =1+$F$53*(F54-$F$52)/$F$52^$I$53 -> 0.47536861 | G57: =1+$F$53*(G54-$F$52)/$F$52^$I$53 -> 0.59881129 | H57: =1+$F$53*(H54-$F$52)/$F$52^$I$53 -> 0.72225397 | I57: =1+$F$53*(I54-$F$52)/$F$52^$I$53 -> 0.84569665 | J57: =1+$F$53*(J54-$F$52)/$F$52^$I$53 -> 0.96913933 | K57: =1+$F$53*(K54-$F$52)/$F$52^$I$53 -> 1.092582 | L57: =1+$F$53*(L54-$F$52)/$F$52^$I$53 -> 1.2160247 | M57: =1+$F$53*(M54-$F$52)/$F$52^$I$53 -> 1.3394674 | ... P57: =1+$F$53*(P54-$F$52)/$F$52^$I$53 -> 1.7097954
E59: Uren berekening | F59: max werkelijk = max. basis + max. basis x ( coef zon - 1) x glas factor +(coef spui - 1)
F60: gemiddeld = gebruikstijd - max
F61: min = 24 uur - max - gemiddeld
E63: Verlichtings energie
B64: #C_L_1 | E64: Standaard verlichting | F64: 5 | G64: kWh/m²
B65: #C_L_2 | F65: -0.5 | G65: kWh/m² voor toename A -> (50/A)^,25/
B66: #C_L_3 | F66: 0.5 | G66: kWh/m2 extra per extra bewoner (basis = 1 bewoner)
B67: #C_L_4 | E67: Coefficient glas/ vloeropp | F67: =0.6*0.5 -> 0.3 | G67: basis coef
B68: #C_L_5 | F68: 0.4 | G68: factor tot de macht | I68: 0.2
E69: Glas/Vloer | F69: 0.05 | G69: =F69+0.05 -> 0.1 | H69: =G69+0.05 -> 0.15 | I69: =H69+0.05 -> 0.2 | J69: =I69+0.05 -> 0.25 | K69: =J69+0.05 -> 0.3 | L69: =K69+0.05 -> 0.35 | M69: =L69+0.05 -> 0.4 | N69: =M69+0.05 -> 0.45 | ... S69: =R69+0.05 -> 0.7
E70: Correctiefactor gebruiksuren | F70: =(1-$F$68*(F69-$F$67)/$F$52^$I$68) -> 1.1569503 | G70: =(1-$F$68*(G69-$F$67)/$F$52^$I$68) -> 1.1255602 | H70: =(1-$F$68*(H69-$F$67)/$F$52^$I$68) -> 1.0941702 | I70: =(1-$F$68*(I69-$F$67)/$F$52^$I$68) -> 1.0627801 | J70: =(1-$F$68*(J69-$F$67)/$F$52^$I$68) -> 1.0313901 | K70: =(1-$F$68*(K69-$F$67)/$F$52^$I$68) -> 1 | L70: =(1-$F$68*(L69-$F$67)/$F$52^$I$68) -> 0.96860994 | M70: =(1-$F$68*(M69-$F$67)/$F$52^$I$68) -> 0.93721988 | ... S70: =(1-$F$68*(S69-$F$67)/$F$52^$I$68) -> 0.74887953
E72: Vormfactor + verlichting kern
D73: 1 | E73: eenzijdig toren | F73: 1.1
D74: 2 | E74: tweezijdig toren (kern) | F74: 1.1
D75: 3 | E75: gallerij flat | F75: 0.9
D76: 4 | E76: hoekappartement toren | F76: 1.05
D77: 5 | E77: hoek en tweezijdig toren | F77: 1.05
E80: Benaderde DF | F80: =VLOOKUP(input_TypeApartement_value,Licht_vorm,3)*J80*Invoer!K55 -> 0.011031766 | H80: GlasxLTA/vl | I80: =0.7*OppervlakGlasInBuitengevel_value/input_GrootteApartement_value -> 0.13125 | J80: =(1-$F$68*(I80-$F$67)/$F$52^$I$68) -> 1.1059415
E82: Aanpassing berekende DF | F82: =IF(Invoer!F48=1,Coeefficienten!F80,Invoer!M49) -> 0.03 | G82: =HLOOKUP(F82,F88:R89,2) -> 1.0580645 | H82: =$H$84*G82 -> 0.36372626
E83: DF[basis] | F83: =Invoer!K55 -> 0.0095 | H83: =F83/F86 -> 0.38
E84: Percentage inpact | F84: =(output_Gebruiksuren_value-12)*365 -> 2296.1828 | G84: uur | H84: =F84/(365*18.3) -> 0.34376568 | I84: denominator is base appartmen (85m2 one sided)
E85: Effectiviteit daglicht | F85: 0.8
E86: Treshold | F86: 0.025
F87: Impact DF
E88: F[daglicht.dag] | F88: 0 | G88: 0.0025 | H88: =G88+$G$88 -> 0.005 | I88: =H88+$G$88 -> 0.0075 | J88: =I88+$G$88 -> 0.01 | K88: =J88+$G$88 -> 0.0125 | L88: =K88+$G$88 -> 0.015 | M88: =L88+$G$88 -> 0.0175 | N88: =M88+$G$88 -> 0.02 | O88: =N88+$G$88 -> 0.0225 | ... R88: =Q88+$G$88 -> 0.03
F89: =(F88-$F$83)/($F$86-$F$83)*$F$85 -> -0.49032258 | G89: =(G88-$F$83)/($F$86-$F$83)*$F$85 -> -0.36129032 | H89: =(H88-$F$83)/($F$86-$F$83)*$F$85 -> -0.23225806 | I89: =(I88-$F$83)/($F$86-$F$83)*$F$85 -> -0.10322581 | J89: =(J88-$F$83)/($F$86-$F$83)*$F$85 -> 0.025806452 | K89: =(K88-$F$83)/($F$86-$F$83)*$F$85 -> 0.15483871 | L89: =(L88-$F$83)/($F$86-$F$83)*$F$85 -> 0.28387097 | M89: =(M88-$F$83)/($F$86-$F$83)*$F$85 -> 0.41290323 | ... R89: =(R88-$F$83)/($F$86-$F$83)*$F$85 -> 1.0580645
F90: =$H$84*F89 -> -0.16855607 | G90: =$H$84*G89 -> -0.12419921 | H90: =$H$84*H89 -> -0.07984235 | I90: =$H$84*I89 -> -0.035485489 | J90: =$H$84*J89 -> 0.0088713723 | K90: =$H$84*K89 -> 0.053228234 | L90: =$H$84*L89 -> 0.097585095 | M90: =$H$84*M89 -> 0.14194196 | ... R90: =$H$84*R89 -> 0.36372626
D92: Koel_tabel | H92: Gebaseerd op
E93: Koel energie [thermisch] | F93: Basis waarde | H93: Orientatie | J93: Gevel/Vloer | K93: Glas % | L93: ZTA[zon] | M93: Qzo | N93: Qz1 | O93: 0 | P93: =O93+0.01 -> 0.01 | Q93: =P93+0.01 -> 0.02 | R93: =Q93+0.01 -> 0.03 | S93: =R93+0.01 -> 0.04 | T93: =S93+0.01 -> 0.05 | U93: =T93+0.01 -> 0.06 | V93: =U93+0.01 -> 0.07 | W93: =V93+0.01 -> 0.08 | ... AC93: =AB93+0.01 -> 0.14
B94: K_basis | C94: #Type | D94: 1 | E94: eenzijdig toren | F94: =14.6 -> 14.6 | G94: kWh/m² | H94: Z | I94: gevel | J94: =6*3.3/(6*8) -> 0.4125 | K94: 0.55 | L94: 0.35 | M94: =J94*K94*L94 -> 0.07940625 | O94: =(1-$F$100*(O$93-$M94)/$F$52^$F$101) -> 0.5415809 | P94: =(1-$F$100*(P$93-$M94)/$F$52^$F$101) -> 0.59931175 | Q94: =(1-$F$100*(Q$93-$M94)/$F$52^$F$101) -> 0.65704261 | R94: =(1-$F$100*(R$93-$M94)/$F$52^$F$101) -> 0.71477347 | S94: =(1-$F$100*(S$93-$M94)/$F$52^$F$101) -> 0.77250433 | T94: =(1-$F$100*(T$93-$M94)/$F$52^$F$101) -> 0.83023519 | U94: =(1-$F$100*(U$93-$M94)/$F$52^$F$101) -> 0.88796605 | V94: =(1-$F$100*(V$93-$M94)/$F$52^$F$101) -> 0.94569691 | ... AC94: =(1-$F$100*(AC$93-$M94)/$F$52^$F$101) -> 1.3498129
B95: Qzo | C95: #Orient | D95: 2 | E95: tweezijdig toren (kern) | F95: =8.4 -> 8.4 | G95: kWh/m² | H95: Z | I95: gevel | J95: =J94 -> 0.4125 | K95: 0.55 | L95: =L94 -> 0.35 | M95: =J95*K95*L95 -> 0.07940625 | O95: =(1-$F$100*(O$93-$M95)/$F$52^$F$101) -> 0.5415809 | P95: =(1-$F$100*(P$93-$M95)/$F$52^$F$101) -> 0.59931175 | Q95: =(1-$F$100*(Q$93-$M95)/$F$52^$F$101) -> 0.65704261 | R95: =(1-$F$100*(R$93-$M95)/$F$52^$F$101) -> 0.71477347 | S95: =(1-$F$100*(S$93-$M95)/$F$52^$F$101) -> 0.77250433 | T95: =(1-$F$100*(T$93-$M95)/$F$52^$F$101) -> 0.83023519 | U95: =(1-$F$100*(U$93-$M95)/$F$52^$F$101) -> 0.88796605 | V95: =(1-$F$100*(V$93-$M95)/$F$52^$F$101) -> 0.94569691 | ... AC95: =(1-$F$100*(AC$93-$M95)/$F$52^$F$101) -> 1.3498129
D96: 3 | E96: gallerij flat | F96: =2.8 -> 2.8 | G96: kWh/m² | H96: Z | I96: gevel | J96: =(2*6*3.3)/(6*10) -> 0.66 | K96: 0.5 | L96: =L95 -> 0.35 | M96: =J96*K96*L96 -> 0.1155 | O96: =(1-$F$100*(O$93-$M96)/$F$52^$F$101) -> 0.33320858 | P96: =(1-$F$100*(P$93-$M96)/$F$52^$F$101) -> 0.39093943 | Q96: =(1-$F$100*(Q$93-$M96)/$F$52^$F$101) -> 0.44867029 | R96: =(1-$F$100*(R$93-$M96)/$F$52^$F$101) -> 0.50640115 | S96: =(1-$F$100*(S$93-$M96)/$F$52^$F$101) -> 0.56413201 | T96: =(1-$F$100*(T$93-$M96)/$F$52^$F$101) -> 0.62186287 | U96: =(1-$F$100*(U$93-$M96)/$F$52^$F$101) -> 0.67959373 | V96: =(1-$F$100*(V$93-$M96)/$F$52^$F$101) -> 0.73732459 | ... AC96: =(1-$F$100*(AC$93-$M96)/$F$52^$F$101) -> 1.1414406
D97: 4 | E97: hoekappartement toren | F97: =21.2 -> 21.2 | G97: kWh/m² | H97: Z | I97: hoek | J97: =((6+6)*3.3/(6*8)) -> 0.825 | K97: 0.45 | L97: =L96 -> 0.35 | M97: =J97*K97*L97 -> 0.1299375 | O97: =(1-$F$100*(O$93-$M97)/$F$52^$F$101) -> 0.24985965 | P97: =(1-$F$100*(P$93-$M97)/$F$52^$F$101) -> 0.30759051 | Q97: =(1-$F$100*(Q$93-$M97)/$F$52^$F$101) -> 0.36532137 | R97: =(1-$F$100*(R$93-$M97)/$F$52^$F$101) -> 0.42305223 | S97: =(1-$F$100*(S$93-$M97)/$F$52^$F$101) -> 0.48078308 | T97: =(1-$F$100*(T$93-$M97)/$F$52^$F$101) -> 0.53851394 | U97: =(1-$F$100*(U$93-$M97)/$F$52^$F$101) -> 0.5962448 | V97: =(1-$F$100*(V$93-$M97)/$F$52^$F$101) -> 0.65397566 | ... AC97: =(1-$F$100*(AC$93-$M97)/$F$52^$F$101) -> 1.0580917
D98: 5 | E98: hoek en tweezijdig toren | F98: =9.7 -> 9.7 | G98: kWh/m² | H98: Z | I98: hoek | J98: =J97 -> 0.825 | K98: 0.45 | L98: =L97 -> 0.35 | M98: =J98*K98*L98 -> 0.1299375 | O98: =(1-$F$100*(O$93-$M98)/$F$52^$F$101) -> 0.24985965 | P98: =(1-$F$100*(P$93-$M98)/$F$52^$F$101) -> 0.30759051 | Q98: =(1-$F$100*(Q$93-$M98)/$F$52^$F$101) -> 0.36532137 | R98: =(1-$F$100*(R$93-$M98)/$F$52^$F$101) -> 0.42305223 | S98: =(1-$F$100*(S$93-$M98)/$F$52^$F$101) -> 0.48078308 | T98: =(1-$F$100*(T$93-$M98)/$F$52^$F$101) -> 0.53851394 | U98: =(1-$F$100*(U$93-$M98)/$F$52^$F$101) -> 0.5962448 | V98: =(1-$F$100*(V$93-$M98)/$F$52^$F$101) -> 0.65397566 | ... AC98: =(1-$F$100*(AC$93-$M98)/$F$52^$F$101) -> 1.0580917
E99: energie = energie basis x (Qz1/Qz0)^factor x coef
B100: Cf_k1 | E100: Coef. | F100: -0.85 | G100: -1.5
B101: F_k1 | E101: Factor | F101: 0.85 | G101: 0.72
E103: Qz1 = Aglas x ZTA_Z / Avl | F103: =OppervlakGlasInBuitengevel_value*ZTAZonderZonwering_value/input_GrootteApartement_value -> 0.065625
C104: #Type | E104: Qzo [ afhankelijk typpe] | F104: =VLOOKUP(input_TypeApartement_value,Koel_tabel,10) -> 0.1299375
B105: Cfk | C105: Qzo,z1, Cf_k1,F_k1 | E105: Correctie factor Koeling | F105: =(1-$F$100*(F$103-$F104)/$F$52^$F$101) -> 0.62871841
B106: K_basis | E106: Basiswaarde | F106: =VLOOKUP(input_TypeApartement_value,Koel_tabel,3) -> 9.7
B107: C_orientatie | C107: #Type,#Orient | E107: C_Orientatie | F107: =VLOOKUP(Invoer!$F$4,Koel_orientatie,Invoer!$F$6+2) -> 1
E111: Impact massa op benodigde koeling/verwarming
F112: massa | G112: F_K | H112: T_W
D113: 1 | E113: massa_K | F113: 150 | G113: 0.8 | H113: 0.9
D114: 2 | E114: Hyrbide hout-staal | F114: 175 | G114: 0.85 | H114: 0.93
D115: 3 | E115: Hybride hout-beton | F115: 250 | G115: 1 | H115: 0.95
D116: 4 | E116: Beton + staal | F116: 350 | G116: 1.15 | H116: 1
D117: 5 | E117: Beton | F117: 450 | G117: 1.25 | H117: 1.1
E120: Dakfactor - Fdak | F120: Koude | G120: Warmte
B121: Dak_Uw | D121: 1 | E121: geen | F121: 0 | G121: =Tabellen!D36 -> 0
B122: Dak_Kc | D122: 2 | E122: zwart | F122: 0.1 | G122: =(1+F122)/(1+F123)*G123 -> 0.22
...

Sheet Basis waarden en tabellen
C3: Demography NL
D4: categorien | F4: % | G4: # | J4: /hh | P4: 20 - 30 | Q4: 30 - 55 | R4: > 55
D5: van | E5: tot | G5: x 1000 | I5: x 1000 | J5: #1 | O5: uur/dag p.p. | P5: 13 | Q5: 15 | R5: 18 | S5: per persoon
D6: 55 | E6: 105 | F6: 0.34543942 | G6: 6230 | I6: =G6 -> 6230 | J6: 1.5 | K6: 4153.3333 | O6: slaap | P6: 8 | Q6: 9 | R6: 9
D7: 30 | E7: 55 | F7: 0.31699473 | G7: 5717 | I7: =G7+G9 -> 9434 | J7: 3.5 | K7: 2695.4286 | O7: non-slaap | P7: 5 | Q7: 6 | R7: 9
D8: 20 | E8: 30 | F8: 0.13146659 | G8: 2371 | I8: =G8 -> 2371 | J8: 1.4 | K8: 1693.5714 | O8: gelijktijdig non-slaap | P8: 0.7 | Q8: 0.6 | R8: 0.85
D9: 0 | E9: 20 | F9: 0.20609925 | G9: 3717 | O9: gebruiksuren | P9: =P6+P7/P8 -> 15.142857 | Q9: =Q6+Q7/Q8 -> 19 | R9: =R6+R7/R8 -> 19.588235 | S9: #2
J10: =SUMPRODUCT(K6:K8,J6:J8)/F12 -> 2.1 | K10: 8542.3333 | O10: gemiddelde bezetting | P10: =(P6*J8+P7*P8*J8)/P5 -> 1.2384615 | Q10: =(Q6*J7+Q7*Q8*J7)/Q5 -> 2.94 | R10: =(R6*J6+R7*R8*J6)/R5 -> 1.3875 | S10: #3
O11: gemiddelde grootte huishoudens | S11: 2.1
E12: aantal huishoudens | F12: =F13/G12 -> 8588.0952 | G12: 2.1
E13: aantal mensen | F13: =SUM(G6:G9) -> 18035
D16: Bezetting
C17: Apartement grootte | D17: 40 | E17: =D17+5 -> 45 | F17: =E17+5 -> 50 | G17: =F17+5 -> 55 | H17: =G17+5 -> 60 | I17: =H17+5 -> 65 | J17: =I17+5 -> 70 | K17: =J17+5 -> 75 | L17: =K17+5 -> 80 | ... Z17: =Y17+5 -> 150
C18: Demography
C19: > 55 | D19: =1-D20-D21 -> 0.15 | E19: =1-E20-E21 -> 0.125 | F19: =1-F20-F21 -> 0.1 | G19: =1-G20-G21 -> 0.1964876 | H19: =1-H20-H21 -> 0.26388889 | I19: =1-I20-I21 -> 0.31079882 | J19: =1-J20-J21 -> 0.34285714 | K19: =1-K20-K21 -> 0.36388889 | ... Z19: =1-Z20-Z21 -> 0.22222222
C20: 30-55 | D20: 0.15 | E20: =D20+0.025 -> 0.175 | F20: =E20+0.025 -> 0.2 | G20: =F20+0.025 -> 0.225 | H20: =G20+0.025 -> 0.25 | I20: =H20+0.025 -> 0.275 | J20: =I20+0.025 -> 0.3 | K20: =J20+0.025 -> 0.325 | L20: =K20+0.025 -> 0.35 | ... Z20: =Y20+0.025 -> 0.7
C21: 20-30 | D21: 0.7 | E21: =$D$21*MIN(1,(50/E17)^2) -> 0.7 | F21: =$D$21*MIN(1,(50/F17)^2) -> 0.7 | G21: =$D$21*MIN(1,(50/G17)^2) -> 0.5785124 | H21: =$D$21*MIN(1,(50/H17)^2) -> 0.48611111 | I21: =$D$21*MIN(1,(50/I17)^2) -> 0.41420118 | J21: =$D$21*MIN(1,(50/J17)^2) -> 0.35714286 | K21: =$D$21*MIN(1,(50/K17)^2) -> 0.31111111 | L21: =$D$21*MIN(1,(50/L17)^2) -> 0.2734375 | ... Z21: =$D$21*MIN(1,(50/Z17)^2) -> 0.077777778
A22: #B1 | B22: #1 | C22: Aantal bewoners | D22: =SUMPRODUCT(D19:D21,$J$6:$J$8) -> 1.73 | E22: =SUMPRODUCT(E19:E21,$J$6:$J$8) -> 1.78 | F22: =SUMPRODUCT(F19:F21,$J$6:$J$8) -> 1.83 | G22: =SUMPRODUCT(G19:G21,$J$6:$J$8) -> 1.8921488 | H22: =SUMPRODUCT(H19:H21,$J$6:$J$8) -> 1.9513889 | I22: =SUMPRODUCT(I19:I21,$J$6:$J$8) -> 2.0085799 | J22: =SUMPRODUCT(J19:J21,$J$6:$J$8) -> 2.0642857 | K22: =SUMPRODUCT(K19:K21,$J$6:$J$8) -> 2.1188889 | ... Z22: =SUMPRODUCT(Z19:Z21,$J$6:$J$8) -> 2.8922222
A23: #B2 | B23: #3 | C23: Gemiddelde bezetting | D23: =D19*$R$10+D20*$Q$10+D21*$P$10 -> 1.5160481 | E23: =E19*$R$10+E20*$Q$10+E21*$P$10 -> 1.5548606 | F23: =F19*$R$10+F20*$Q$10+F21*$P$10 -> 1.5936731 | G23: =G19*$R$10+G20*$Q$10+G21*$P$10 -> 1.6505919 | H23: =H19*$R$10+H20*$Q$10+H21*$P$10 -> 1.7031757 | I23: =I19*$R$10+I20*$Q$10+I21*$P$10 -> 1.7527056 | J23: =J19*$R$10+J20*$Q$10+J21*$P$10 -> 1.800022 | K23: =K19*$R$10+K20*$Q$10+K21*$P$10 -> 1.845695 | ... Z23: =Z19*$R$10+Z20*$Q$10+Z21*$P$10 -> 2.4626581
A24: #B3 | B24: #2 | C24: Gebruiksuren | D24: =$P$9*D21+$Q$9*D20+$R$9*D19 -> 16.388235 | E24: =$P$9*E21+$Q$9*E20+$R$9*E19 -> 16.373529 | F24: =$P$9*F21+$Q$9*F20+$R$9*F19 -> 16.358824 | G24: =$P$9*G21+$Q$9*G20+$R$9*G19 -> 16.884176 | H24: =$P$9*H21+$Q$9*H20+$R$9*H19 -> 17.280229 | I24: =$P$9*I21+$Q$9*I20+$R$9*I19 -> 17.58519 | J24: =$P$9*J21+$Q$9*J20+$R$9*J19 -> 17.82413 | K24: =$P$9*K21+$Q$9*K20+$R$9*K19 -> 18.014052 | ... Z24: =$P$9*Z21+$Q$9*Z20+$R$9*Z19 -> 18.830719
C27: Ventilator energie
E28: van | F28: 0 | G28: =F29 -> 85 | H28: =G29 -> 125 | I28: m²
E29: tot | F29: 85 | G29: 125 | H29: 200 | I29: m²
C30: keuken | D30: 20.833333 | E30: l/s | F30: 1 | G30: 1 | H30: 1
C31: badkamer | D31: 13.888889 | E31: l/s | F31: 1 | G31: 1 | H31: 2
C32: toilet | D32: 6.9444444 | E32: l/s | F32: 1 | G32: 2 | H32: 2
F33: 41.666667 | G33: 48.611111 | H33: 62.5 | I33: #4
C34: vloer | D34: 0.9 | E34: l/s.m² | F34: #5
C35: minimaal debiet | D35: 7 | E35: l/s | F35: #6
D37: Ventilatie_tabel
C38: Apartement grootte | D38: 40 | E38: =D38+5 -> 45 | F38: =E38+5 -> 50 | G38: =F38+5 -> 55 | H38: =G38+5 -> 60 | I38: =H38+5 -> 65 | J38: =I38+5 -> 70 | K38: =J38+5 -> 75 | L38: =K38+5 -> 80 | ... Z38: =Y38+5 -> 150
B39: #4,#6 | C39: minimaal debiet [l/s] | D39: =$D$35*HLOOKUP(D38,$F$28:$H$33,5) -> 7 | E39: =$D$35*HLOOKUP(E38,$F$28:$H$33,5) -> 7 | F39: =$D$35*HLOOKUP(F38,$F$28:$H$33,5) -> 7 | G39: =$D$35*HLOOKUP(G38,$F$28:$H$33,5) -> 7 | H39: =$D$35*HLOOKUP(H38,$F$28:$H$33,5) -> 7 | I39: =$D$35*HLOOKUP(I38,$F$28:$H$33,5) -> 7 | J39: =$D$35*HLOOKUP(J38,$F$28:$H$33,5) -> 7 | K39: =$D$35*HLOOKUP(K38,$F$28:$H$33,5) -> 7 | ... Z39: =$D$35*HLOOKUP(Z38,$F$28:$H$33,5) -> 14
B40: Bezetting | C40: gemiddeld [l/s] | D40: =D23*50/3.6 -> 21.056223 | E40: =E23*50/3.6 -> 21.595286 | F40: =F23*50/3.6 -> 22.134348 | G40: =G23*50/3.6 -> 22.924888 | H40: =H23*50/3.6 -> 23.655219 | I40: =I23*50/3.6 -> 24.343133 | J40: =J23*50/3.6 -> 25.000305 | K40: =K23*50/3.6 -> 25.634652 | ... Z40: =Z23*50/3.6 -> 34.203585
B41: #4, #5 | C41: maximum l/s] | D41: =MAX($D$34*D38,HLOOKUP(D38,$F$28:$H$33,6)) -> 41.666667 | E41: =MAX($D$34*E38,HLOOKUP(E38,$F$28:$H$33,6)) -> 41.666667 | F41: =MAX($D$34*F38,HLOOKUP(F38,$F$28:$H$33,6)) -> 45 | G41: =MAX($D$34*G38,HLOOKUP(G38,$F$28:$H$33,6)) -> 49.5 | H41: =MAX($D$34*H38,HLOOKUP(H38,$F$28:$H$33,6)) -> 54 | I41: =MAX($D$34*I38,HLOOKUP(I38,$F$28:$H$33,6)) -> 58.5 | J41: =MAX($D$34*J38,HLOOKUP(J38,$F$28:$H$33,6)) -> 63 | K41: =MAX($D$34*K38,HLOOKUP(K38,$F$28:$H$33,6)) -> 67.5 | ... Z41: =MAX($D$34*Z38,HLOOKUP(Z38,$F$28:$H$33,6)) -> 135
C43: Gebruikstijd/dag/basis
B44: Bezetting | C44: minimum [uur/dag] | D44: =24-D45-D46 -> 7.6117647 | E44: =24-E45-E46 -> 7.6264706 | F44: =24-F45-F46 -> 7.6411765 | G44: =24-G45-G46 -> 7.115824 | H44: =24-H45-H46 -> 6.7197712 | I44: =24-I45-I46 -> 6.4148103 | J44: =24-J45-J46 -> 6.1758703 | K44: =24-K45-K46 -> 5.9859477 | ... Z44: =24-Z45-Z46 -> 5.169281
B45: Bezetting | C45: gemiddeld [uur/dag] | D45: =D24-D46 -> 13.793235 | E45: =E24-E46 -> 13.703529 | F45: =F24-F46 -> 13.613824 | G45: =G24-G46 -> 14.045953 | H45: =H24-H46 -> 14.353145 | I45: =I24-I46 -> 14.57232 | J45: =J24-J46 -> 14.727701 | K45: =K24-K46 -> 14.835719 | ... Z45: =Z24-Z46 -> 14.492386
B46: Bezetting | C46: maximum [uur/dag] | D46: =D22*1.5 -> 2.595 | E46: =E22*1.5 -> 2.67 | F46: =F22*1.5 -> 2.745 | G46: =G22*1.5 -> 2.8382231 | H46: =H22*1.5 -> 2.9270833 | I46: =I22*1.5 -> 3.0128698 | J46: =J22*1.5 -> 3.0964286 | K46: =K22*1.5 -> 3.1783333 | ... Z46: =Z22*1.5 -> 4.3383333
A48: #V1 | B48: Intern | C48: Gemiddeldedebiet [l/s] | D48: =(D39*D44+D40*D45+D41*D46)/24 -> 18.8267 | E48: =(E39*E44+E40*E45+E41*E46)/24 -> 19.190289 | F48: =(F39*F44+F40*F45+F41*F46)/24 -> 19.931098 | G48: =(G39*G44+G40*G45+G41*G46)/24 -> 21.346029 | H48: =(H39*H44+H40*H45+H41*H46)/24 -> 22.692821 | I48: =(I39*I44+I40*I45+I41*I46)/24 -> 23.99552 | J48: =(J39*J44+J40*J45+J41*J46)/24 -> 25.270963 | K48: =(K39*K44+K40*K45+K41*K46)/24 -> 26.531151 | ... Z48: =(Z39*Z44+Z40*Z45+Z41*Z46)/24 -> 48.072353
A49: #V2 | B49: Intern | C49: Gemiddeld ΔP[min]-[max] | D49: =(D40-D39)/(D41-D39)/2+((D40-D39)/(D41-D39)/2)^1.3 -> 0.3283383 | E49: =(E40-E39)/(E41-E39)/2+((E40-E39)/(E41-E39)/2)^1.3 -> 0.34241102 | F49: =(F40-F39)/(F41-F39)/2+((F40-F39)/(F41-F39)/2)^1.3 -> 0.32185046 | G49: =(G40-G39)/(G41-G39)/2+((G40-G39)/(G41-G39)/2)^1.3 -> 0.30071027 | H49: =(H40-H39)/(H41-H39)/2+((H40-H39)/(H41-H39)/2)^1.3 -> 0.28260954 | I49: =(I40-I39)/(I41-I39)/2+((I40-I39)/(I41-I39)/2)^1.3 -> 0.26704819 | J49: =(J40-J39)/(J41-J39)/2+((J40-J39)/(J41-J39)/2)^1.3 -> 0.25358807 | K49: =(K40-K39)/(K41-K39)/2+((K40-K39)/(K41-K39)/2)^1.3 -> 0.24186651 | ... Z49: =(Z40-Z39)/(Z41-Z39)/2+((Z40-Z39)/(Z41-Z39)/2)^1.3 -> 0.12312254
C52: Verlichting | D52: Licht_m2
D53: =40 -> 40 | E53: =D53+5 -> 45 | F53: =E53+5 -> 50 | G53: =F53+5 -> 55 | H53: =G53+5 -> 60 | I53: =H53+5 -> 65 | J53: =I53+5 -> 70 | K53: =J53+5 -> 75 | L53: =K53+5 -> 80 | ... Z53: =Y53+5 -> 150
A54: #L1 | B54: #C_L 1,2,4 | C54: gebruik [kWh/m²] | D54: =Coeefficienten!$F$64+(D53/50)^0.95*Coeefficienten!$F$65+('Basis waarden en tabellen'!D22-1)*Coeefficienten!$F$66 -> 4.9605121 | E54: =Coeefficienten!$F$64+(E53/50)^0.95*Coeefficienten!$F$65+('Basis waarden en tabellen'!E22-1)*Coeefficienten!$F$66 -> 4.9376231 | F54: =Coeefficienten!$F$64+(F53/50)^0.95*Coeefficienten!$F$65+('Basis waarden en tabellen'!F22-1)*Coeefficienten!$F$66 -> 4.915 | G54: =Coeefficienten!$F$64+(G53/50)^0.95*Coeefficienten!$F$65+('Basis waarden en tabellen'!G22-1)*Coeefficienten!$F$66 -> 4.8986892 | H54: =Coeefficienten!$F$64+(H53/50)^0.95*Coeefficienten!$F$65+('Basis waarden en tabellen'!H22-1)*Coeefficienten!$F$66 -> 4.8811392 | I54: =Coeefficienten!$F$64+(I53/50)^0.95*Coeefficienten!$F$65+('Basis waarden en tabellen'!I22-1)*Coeefficienten!$F$66 -> 4.8627611 | J54: =Coeefficienten!$F$64+(J53/50)^0.95*Coeefficienten!$F$65+('Basis waarden en tabellen'!J22-1)*Coeefficienten!$F$66 -> 4.8438209 | K54: =Coeefficienten!$F$64+(K53/50)^0.95*Coeefficienten!$F$65+('Basis waarden en tabellen'!K22-1)*Coeefficienten!$F$66 -> 4.8244963 | ... Z54: =Coeefficienten!$F$64+(Z53/50)^0.95*Coeefficienten!$F$65+('Basis waarden en tabellen'!Z22-1)*Coeefficienten!$F$66 -> 4.5262849
C57: Koelenergie - orientatie | D57: Koel_orientatie
D58: N | E58: NO | F58: O | G58: ZO | H58: Z | I58: ZW | J58: W | K58: NW
A59: C_Orientatie | B59: 1 | C59: eenzijdig toren | D59: 0.2 | E59: =D59+0.05 -> 0.25 | F59: =E59+0.1 -> 0.35 | G59: =F59+0.3 -> 0.65 | H59: 1 | I59: =H59+0.2 -> 1.2 | J59: =I59-0.1 -> 1.1 | K59: =J59-0.3 -> 0.8
B60: 2 | C60: tweezijdig toren (kern) | D60: 0.25 | E60: =D60+0.05 -> 0.3 | F60: =E60+0.1 -> 0.4 | G60: =F60+0.3 -> 0.7 | H60: 1 | I60: =H60+0.1 -> 1.1 | J60: =I60-0.05 -> 1.05 | K60: =J60-0.3 -> 0.75
B61: 3 | C61: gallerij flat | D61: 0.25 | E61: 0.4 | F61: 0.55 | G61: 0.75 | H61: 1 | I61: 1 | J61: 0.95 | K61: 0.7
B62: 4 | C62: hoekappartement toren | D62: 0.2 | E62: =D62+0.05 -> 0.25 | F62: =E62+0.1 -> 0.35 | G62: =F62+0.3 -> 0.65 | H62: 1 | I62: =H62+0.2 -> 1.2 | J62: =I62-0.1 -> 1.1 | K62: =J62-0.3 -> 0.8
B63: 5 | C63: hoek en tweezijdig toren | D63: 0.25 | E63: =D63+0.05 -> 0.3 | F63: =E63+0.1 -> 0.4 | G63: =F63+0.3 -> 0.7 | H63: 1 | I63: =H63+0.05 -> 1.05 | J63: =I63+0.1 -> 1.15 | K63: =J63+0.3 -> 1.45
D64: N-O | E64: NO-ZO | F64: O-Z | G64: ZO-ZW | H64: Z-W | I64: ZW-NW | J64: W-N | K64: NW-NO
C67: Warmtevraag
A68: #W_1 | C68: Basis | D68: =SUM(D69:D71) -> 135.493 | E68: kWh/m².j | G68: referentie | H68: 50-60 | I68: kWh/m2
A69: #W_2 | B69: #T_1,2,3 | C69: Tranmsisie | D69: =(I76+I77+I78) -> 34.28425 | E69: kWh/m².j
A70: #W_3 | B70: #I1 | C70: Infiltratie | D70: =I79 -> 22.605 | E70: kWh/m².j
A71: #W_4 | B71: #V1 | C71: Ventilatie | D71: =I81 -> 78.60375 | E71: kWh/m².j
A72: #W_5 | B72: #W_6 | C72: Aftrek warmtewinst | D72: =-F84 -> -8.2152805 | E72: kWh/m².j
C74: Uitgangspunt
F75: ratio/vloer | G75: ΔT.gem | H75: uur
A76: #T1 | C76: standaard U-waarde gevel | D76: =UwaardeBuitengevel_value -> 0.2 | E76: W/m².K | F76: =input_OppervlakBuitenGevel_value*(1-Invoer!K8)/input_GrootteApartement_value -> 0.4375 | G76: =22-Invoer!K32 -> 13.7 | H76: =5500 -> 5500 | I76: =G76*F76*D76*H76/1000 -> 6.593125 | J76: factor transmissie | L76: =D76*F76+D77*F77+D78*F78 -> 0.455 | M76: W/K.m²_vloer oppervlak
A77: #T2 | C77: standaard U-waarde dak | D77: =Invoer!I15 -> 0.18 | E77: W/m².K | F77: 1 | G77: =G76 -> 13.7 | H77: =H76 -> 5500 | I77: =G77*F77*D77*H77/1000 -> 13.563
A78: #T3 | C78: standaard U-waarde glas | D78: 1 | E78: W/m².K | F78: =OppervlakGlasInBuitengevel_value/input_GrootteApartement_value -> 0.1875 | G78: =G77 -> 13.7 | H78: =H77 -> 5500 | I78: =G78*F78*D78*H78/1000 -> 14.128125
A79: #I1 | C79: infiltratie, open raam/deur | D79: =2.7*J79/3.6 -> 0.3 | E79: l/s.m²gem | G79: =G78 -> 13.7 | H79: =H78 -> 5500 | I79: =(D79*G79*H79)/1000 -> 22.605 | J79: 0.4 | K79: voudig gemiddeld
F80: η[wtw]
A81: #V1 | C81: Ventilatie debiet winterseizoen | D81: =(1-F81)*G81*1.2*J81 -> 14.291591 | E81: W/m² | F81: 0 | G81: =G79 -> 13.7 | H81: =H76 -> 5500 | I81: =H81*D81/1000 -> 78.60375 | J81: =L81/input_GrootteApartement_value -> 0.86931818 | K81: l/s.m² | L81: =Resultaten!G41 -> 76.5 | M81: l/s
C83: Interne warmtelast winterseizoen
A84: #W_6 | B84: Red_WL | C84: Effectiviteit warmte last | D84: =VLOOKUP(Ventilatiesysteem_value,Red_WL,3) -> 0.35 | F84: =SUM(F85:F87)*D84 -> 8.2152805 | G84: kWh/m².winter
C85: Personen | D85: 80 | E85: W/m² | F85: =D85*I85*K85*365/2/1000/input_GrootteApartement_value -> 5.867722 | G85: kWh/m².winter | I85: =output_Bezetting_value -> 1.9335882 | J85: gem pers | K85: =output_Gebruiksuren_value -> 18.290912 | L85: uur/dag
C86: Apparatuur | D86: =0.5*(I86*output_TotaalEnergieMediaApparatuurOverige_value+'Basis waarden en tabellen'!K86*output_TotaalEnergieWasmachineDrogerVaatwasser_value) -> 249.8217 | E86: kWh/jaar | F86: =D86/input_GrootteApartement_value -> 2.8388829 | G86: kWh/m².winter | I86: 0.5 | J86: % media | K86: 0.2 | L86: % was
C87: Extern | D87: =LocatieGegevensEzonWinter_value -> 225 | E87: kWh/m².j | F87: =J87*D87/input_GrootteApartement_value -> 14.765625 | G87: kWh/m².winter | J87: =OppervlakGlasInBuitengevel_value*ZTAZonderZonwering_value -> 5.775 | K87: m2 glas.eff/m2 vloer
C89: Reductie infiltratie bij natuurlijke toevoer
A90: Red_inf | C90: Red_inf
C91: 1 | D91: Nat. toevoer + mech. Afzuiging | E91: 0.2
C92: 2 | D92: Nat toevoer met indirecte ww | E92: 0.3
C93: 3 | D93: Passive House | E93: 0.6
C94: 4 | D94: Balans met WTW | E94: 0
C96: Effectivteit in-/externe warmtelast
A97: Red_Wl | C97: Red_WL
C98: 1 | D98: Nat. toevoer + mech. Afzuiging | E98: 0.25
C99: 2 | D99: Nat toevoer met indirecte ww | E99: 0.2
C100: 3 | D100: Passive House | E100: 0.35
C101: 4 | D101: Balans met WTW | E101: 0.15
C103: Reductie Transmissie
A104: Red_Tr | C104: Red_Tr
C105: 1 | D105: Nat. toevoer + mech. Afzuiging | E105: 0.05
C106: 2 | D106: Nat toevoer met indirecte ww | E106: 0.15
C107: 3 | D107: Passive House | E107: 0.3
C108: 4 | D108: Balans met WTW | E108: 0
C110: Reductie ΔT
A111: dT_W | C111: Red_dT | D111: =(E111/G76)^H111 -> 0 | E111: =Invoer!M44-LocatieGegevensTgemWinter_value -> 0 | F111: °C | G111: Bekend | H111: 1.3 | I111: macht factor
B112: dT_Loc | C112: =LocatieGegevensEzonWinter_description -> Locatie gegevensEzon.winter | F112: °C | G112: =Invoer!F29-1 -> 1
B113: dT_CC | C113: =ClimateChangeEffectTgemWinter_description | F113: °C | G113: =Invoer!F35-1 -> 0
B114: dT_UHI | C114: =UrbanHeaIslandTgemWinter_description | F114: °C | G114: =Invoer!F41-1 -> 0

Sheet Parameter Overview
B3: Parameter Name in Excel | C3: Parameter Name in Speckle | D3: Used by grasshopper (y/n) | E3: Used by Excel Currently (y/n) | F3: Available on Speckle unit Model (y/n)
B4: Type apartement | C4: topology, access_type | D4: y | E4: y | F4: y
B5: Orientatie | C5: orientation | D5: y | E5: y | F5: y
B6: Grootte | C6: BVO_woning | D6: y | E6: y | F6: y
B7: Oppervlak buiten gevel | C7: exterior_facade_area_m2 | D7: n | E7: n | F7: y
B8: Oppervlak glas in buitengevel | C8: by excell not Grasshopper | D8: n | E8: n | F8: applied based on scenario
B9: Dak | D9: y | E9: y | F9: y
B10: Vloerhoogte | C10: plan_z | D10: n | E10: n | F10: y
A11: Buitenklimaat gegevens | B11: Locatie gegevens | D11: y | F11: N/A Standard value available for use, to be updated by Jaap
B12: Locatie gegevens Tgem | D12: y
B13: Locatie gegevens Tgem.zomer | D13: y
B14: Locatie gegevens Tgem.winter | D14: y
B15: Locatie gegevens Ezon.zomer | D15: y
B16: Locatie gegevensEzon.winter | D16: y
B17: Climate Change effect | D17: y
B18: Climate Change effect Tgem | D18: y
B19: Climate Change effect Tgem.zomer | D19: y
B20: Climate Change effect Tgem.winter | D20: y
B21: Climate Change effect Ezon.zomer | D21: y
B22: Climate Change effect Ezon.winter | D22: y
B23: Urban Heat Island | D23: y | F23: N/A depends on Dinos Script
B24: Urban Heat Island Tgem | D24: y
B25: Urban Heat Island Tgem.zomer | D25: y
B26: Urban Heat Island Tgem.winter | D26: y
B27: Bezonning gevel | D27: y
B28: Bezonning gevel Ezon.zomer | D28: y
B29: Bezonning gevel Ezon.winter | D29: y
B30: Berekend daglicht factor | D30: y | F30: N/A Standard value available for use, to be updated by Yara
A31: Installatie gegevens | B31: Ventilatiesysteem | F31: N/A to be filled in on excel. Same values apply to all buildings
B32: Koude/warmte
B33: Zonnecollector
B34: Douche wtw
B35: CO2 regeling ventilatie
A36: Constructie wijze | F36: N/A
